{"cameraMode":{"drawMode":0,"name":"Shaded","section":"Shading Mode"},"sceneLighting":true,"audioPlay":false,"sceneViewState":{"showFog":true,"showMaterialUpdate":true,"showSkybox":true,"showFlares":true,"showImageEffects":true,"showParticleSystems":true},"in2DMode":false,"pivot":{"x":-120.17337799072266,"y":83.60047912597656,"z":5.5121541023254398},"rotation":{"x":-0.13790658116340638,"y":-0.7416349649429321,"z":0.1606147736310959,"w":-0.6365236639976502},"size":-4.492604732513428,"orthographic":false}