{"cameraMode":{"drawMode":0,"name":"Shaded","section":"Shading Mode"},"sceneLighting":false,"audioPlay":false,"sceneViewState":{"showFog":true,"showMaterialUpdate":false,"showSkybox":true,"showFlares":true,"showImageEffects":true,"showParticleSystems":true},"in2DMode":false,"pivot":{"x":-2462.714111328125,"y":-1668.760498046875,"z":-8697.1689453125},"rotation":{"x":-0.015867803245782853,"y":0.9838540554046631,"z":-0.11354303359985352,"w":-0.13753220438957215},"size":10273.2177734375,"orthographic":false}