{"cameraMode":{"drawMode":0,"name":"Shaded","section":"Shading Mode"},"sceneLighting":true,"audioPlay":false,"sceneViewState":{"showFog":true,"showMaterialUpdate":false,"showSkybox":true,"showFlares":true,"showImageEffects":true,"showParticleSystems":true},"in2DMode":false,"pivot":{"x":-7.9606781005859379,"y":16.59048843383789,"z":14.58062744140625},"rotation":{"x":0.13745662569999696,"y":-0.0772375762462616,"z":0.010758714750409127,"w":0.987433135509491},"size":177.12899780273438,"orthographic":false}