{"cameraMode":{"drawMode":0,"name":"Shaded","section":"Shading Mode"},"sceneLighting":true,"audioPlay":false,"sceneViewState":{"showFog":true,"showMaterialUpdate":false,"showSkybox":true,"showFlares":true,"showImageEffects":true,"showParticleSystems":true},"in2DMode":false,"pivot":{"x":-55.328948974609378,"y":45.74077224731445,"z":59.673484802246097},"rotation":{"x":0.054479990154504779,"y":0.406216025352478,"z":0.024272724986076356,"w":-0.9118279814720154},"size":106.8248062133789,"orthographic":false}