{"cameraMode":{"drawMode":0,"name":"Shaded","section":"Shading Mode"},"sceneLighting":false,"audioPlay":false,"sceneViewState":{"showFog":true,"showMaterialUpdate":false,"showSkybox":true,"showFlares":true,"showImageEffects":true,"showParticleSystems":true},"in2DMode":false,"pivot":{"x":12.155030250549317,"y":23.765636444091798,"z":-7.272022247314453},"rotation":{"x":0.16703766584396363,"y":0.5200450420379639,"z":-0.10447598993778229,"w":0.8311450481414795},"size":30.809322357177736,"orthographic":false}