{"cameraMode":{"drawMode":0,"name":"Shaded","section":"Shading Mode"},"sceneLighting":true,"audioPlay":false,"sceneViewState":{"showFog":true,"showMaterialUpdate":false,"showSkybox":true,"showFlares":true,"showImageEffects":true,"showParticleSystems":true},"in2DMode":false,"pivot":{"x":-1.3114722967147828,"y":0.42336711287498476,"z":-1.6363011598587037},"rotation":{"x":-0.0014122349675744773,"y":-0.940970242023468,"z":-0.003932192921638489,"w":0.3384636342525482},"size":2.3098056316375734,"orthographic":false}