{"cameraMode":{"drawMode":0,"name":"Shaded","section":"Shading Mode"},"sceneLighting":true,"audioPlay":false,"sceneViewState":{"showFog":true,"showMaterialUpdate":false,"showSkybox":true,"showFlares":true,"showImageEffects":true,"showParticleSystems":true},"in2DMode":false,"pivot":{"x":39.879703521728519,"y":4.3450469970703129,"z":-20.490978240966798},"rotation":{"x":-0.21466612815856934,"y":-0.7225088477134705,"z":0.25620895624160769,"w":-0.6051968932151794},"size":114.86019897460938,"orthographic":false}